{
  "tri_count": 18192,
  "material_count": 1,
  "material_names": [
    "Material_0"
  ],
  "non_manifold_edges": 3720,
  "armature_count": 0,
  "bone_count": 0,
  "bbox_min": [
    -0.44852930307388306,
    -0.7304999828338623,
    -0.4797007441520691
  ],
  "bbox_max": [
    0.44852930307388306,
    0.7303465008735657,
    0.4791549742221832
  ],
  "bbox_size": [
    0.8970586061477661,
    1.460846483707428,
    0.9588557183742523
  ]
}