{
  "tri_count": 47334,
  "material_count": 1,
  "material_names": [
    "Material_1"
  ],
  "non_manifold_edges": 6854,
  "armature_count": 1,
  "bone_count": 24,
  "bbox_min": [
    -0.9510578513145447,
    -0.9999999403953552,
    -1.0
  ],
  "bbox_max": [
    0.9510578513145447,
    0.9999999403953552,
    1.1333329677581787
  ],
  "bbox_size": [
    1.9021157026290894,
    1.9999998807907104,
    2.1333329677581787
  ]
}