{
  "scale_factor_applied": 0.666667,
  "bbox_min_m": [
    -0.6340388655662537,
    -0.6666669249534607,
    -0.6666669845581055
  ],
  "bbox_max_m": [
    0.6340388655662537,
    0.6666669249534607,
    1.1333717107772827
  ],
  "bbox_size_m": [
    1.2680777311325073,
    1.3333338499069214,
    1.8000386953353882
  ],
  "tri_count": 47254,
  "bone_count": 24,
  "armature_count": 1
}