{
  "scale_factor_applied": 0.7305,
  "bbox_min_m": [
    -0.44852930307388306,
    -0.7304999828338623,
    -0.4797007441520691
  ],
  "bbox_max_m": [
    0.44852930307388306,
    0.7303465008735657,
    0.4791549742221832
  ],
  "bbox_size_m": [
    0.8970586061477661,
    1.460846483707428,
    0.9588557183742523
  ],
  "tri_count": 18192,
  "bone_count": 0,
  "armature_count": 0
}